Workbook

Sheet Opportunities
A1: 🇰🇪 DACORIS — Kenya Grant Opportunities Register | Module 5.2.1 Opportunity Management
A2: Source: DACORIS Grant Management System | Schema: GrantOpportunity v1.4 | Last Updated: 17 April 2026 | API Endpoint: GET /api/grants/opportunities
A3: OPPORTUNITY ID (source_id) | B3: SOURCE SYSTEM | C3: OPPORTUNITY TITLE | D3: SPONSOR / FUNDER | E3: SPONSOR TYPE | F3: CATEGORY / SECTOR | G3: GEOGRAPHY / COUNTY | H3: ELIGIBLE APPLICANTS | I3: FUNDING TYPE | J3: CCY | K3: MIN AWARD (KES/USD) | L3: MAX AWARD (KES/USD) | M3: OPEN DATE | N3: DEADLINE | O3: DAYS REMAINING | P3: STATUS | Q3: ROUND / CYCLE | R3: CONTACT EMAIL | S3: OPPORTUNITY URL | T3: INTERNAL NOTES
A4: KE-NACOSTI-2025-001 | B4: NACOSTI | C4: Kenya National Research Fund – Health Innovation Grant | D4: National Commission for Science, Technology & Innovation (NACOSTI) | E4: Government | F4: Health & Biomedical | G4: National | H4: Universities, Research Institutions | I4: Grant | J4: KES | K4: 500000 | L4: 5000000 | M4: 45672 | N4: 45869 | O4: =IF(N4="","",MAX(0,N4-TODAY())) -> 0 | P4: Open | Q4: Round 4 (2025) | R4: grants@nacosti.go.ke | S4: https://nacosti.go.ke/grants | T4: Aligned to Kenya Health Policy 2014-2030. Co-funding required.
A5: KE-NRFU-2025-002 | B5: NRFU | C5: National Research Fund – Agriculture & Food Security | D5: National Research Fund (NRF Kenya) | E5: Government | F5: Agriculture & Food Security | G5: National | H5: Kenyan Citizens, Universities | I5: Grant | J5: KES | K5: 1000000 | L5: 10000000 | M5: 45689 | N5: 45884 | O5: =IF(N5="","",MAX(0,N5-TODAY())) -> 0 | P5: Open | Q5: FY 2024/25 | R5: info@nrf.go.ke | S5: https://nrf.go.ke | T5: Priority: arid & semi-arid land (ASAL) counties.
A6: KE-USAID-2025-003 | B6: USAID Kenya | C6: Feed the Future – Climate-Smart Agriculture Innovation | D6: USAID Kenya | E6: Bilateral | F6: Agriculture & Climate | G6: Rift Valley, Western, Nyanza | H6: NGOs, CBOs, Universities | I6: Cooperative Agreement | J6: USD | K6: 100000 | L6: 2000000 | M6: 45717 | N6: 45930 | O6: =IF(N6="","",MAX(0,N6-TODAY())) -> 0 | P6: Open | Q6: FY 2025 | R6: kenyagrants@usaid.gov | S6: https://www.usaid.gov/kenya/funding-opportunities | T6: Must demonstrate community benefit sharing plan.
A7: KE-WELLCOME-2025-004 | B7: Wellcome Trust | C7: Wellcome Kenya Collaborative Award – Infectious Disease | D7: Wellcome Trust | E7: International Foundation | F7: Health & Infectious Disease | G7: National | H7: Research Institutions (Kenyan PI required) | I7: Research Grant | J7: GBP | K7: 50000 | L7: 500000 | M7: 45658 | N7: 45838 | O7: =IF(N7="","",MAX(0,N7-TODAY())) -> 0 | P7: Upcoming | Q7: 2025 Collaborative Awards | R7: grantsinfo@wellcome.org | S7: https://wellcome.org/grant-funding/schemes | T7: Must have UK academic partner. Ethics clearance mandatory.
A8: KE-BMGF-2025-005 | B8: Bill & Melinda Gates Foundation | C8: Grand Challenges Kenya – Digital Health Solutions | D8: Bill & Melinda Gates Foundation (BMGF) | E8: International Foundation | F8: Digital Health & ICT | G8: National | H8: Local Innovators, Startups, NGOs | I8: Challenge Grant | J8: USD | K8: 50000 | L8: 1000000 | M8: 45748 | N8: 45961 | O8: =IF(N8="","",MAX(0,N8-TODAY())) -> 0 | P8: Upcoming | Q8: Grand Challenges Explorations | R8: gcexplorations@gatesfoundation.org | S8: https://gcgh.grandchallenges.org | T8: Phase 1 (exploration): up to USD 100K. Phase 2: up to USD 1M.
A9: KE-EU-2025-006 | B9: EU Delegation Kenya | C9: EU-Kenya Partnership – Climate Resilience & WASH | D9: European Union Delegation to Kenya | E9: Bilateral | F9: Environment & WASH | G9: Coastal, Arid Counties (Turkana, Marsabit, Garissa) | H9: NGOs, County Governments, Research Bodies | I9: Grant | J9: EUR | K9: 200000 | L9: 3000000 | M9: 45703 | N9: 45853 | O9: =IF(N9="","",MAX(0,N9-TODAY())) -> 0 | P9: Open | Q9: EDF 12th Round | R9: delegation-kenya@eeas.europa.eu | S9: https://www.eeas.europa.eu/kenya | T9: Applications in English or French. DEVCO rules apply.
A10: KE-AFDB-2025-007 | B10: African Development Bank | C10: AfDB Youth Entrepreneurship & Innovation Fund | D10: African Development Bank (AfDB) | E10: Multilateral | F10: Youth Entrepreneurship & SME | G10: Pan-Africa (Kenya eligible) | H10: Youth-led Enterprises (18-35), Universities | I10: Grant + Technical Assistance | J10: USD | K10: 25000 | L10: 250000 | M10: 45731 | N10: 45901 | O10: =IF(N10="","",MAX(0,N10-TODAY())) -> 0 | P10: Open | Q10: 2025 YEIF Cycle | R10: yeif@afdb.org | S10: https://www.afdb.org/en/topics-and-sectors/initiatives-partnerships/youth | T10: Kenyan applicants must register with KEBS.
A11: KE-WB-2025-008 | B11: World Bank IDA | C11: Kenya Devolution Support Program – County Innovation | D11: World Bank / International Development Association | E11: Multilateral | F11: Governance & Devolution | G11: 47 Counties | H11: County Governments, Parastatals | I11: Grant | J11: USD | K11: 500000 | L11: 5000000 | M11: 45597 | N11: 45808 | O11: =IF(N11="","",MAX(0,N11-TODAY())) -> 0 | P11: Closed | Q11: FY 2024 | R11: kenyacountygrants@worldbank.org | S11: https://projects.worldbank.org/en/projects-operations/projects-list | T11: Applications closed. Evaluation in progress.
A12: KE-KCDF-2025-009 | B12: KCDF | C12: Kenya Community Development Foundation – Grassroots Grants | D12: Kenya Community Development Foundation (KCDF) | E12: Local Foundation | F12: Community Development & Livelihoods | G12: All Counties (priority: marginalized areas) | H12: CBOs, Self-Help Groups, Small NGOs | I12: Grant | J12: KES | K12: 50000 | L12: 500000 | M12: 45677 | N12: 45828 | O12: =IF(N12="","",MAX(0,N12-TODAY())) -> 0 | P12: Open | Q12: 2025 Grassroots Round | R12: grants@kcdf.or.ke | S12: https://www.kcdf.or.ke/grants | T12: Must have 3 years audited accounts. No profit-making entities.
A13: KE-APHRC-2025-010 | B13: APHRC Small Grants | C13: African Population & Health Research Center – Small Grants | D13: African Population & Health Research Center (APHRC) | E13: Regional Research Institute | F13: Public Health & Demography | G13: Sub-Saharan Africa (Kenya focus) | H13: Early-career Researchers | I13: Research Grant | J13: USD | K13: 10000 | L13: 30000 | M13: 45762 | N13: 45900 | O13: =IF(N13="","",MAX(0,N13-TODAY())) -> 0 | P13: Upcoming | Q13: 2025 Small Grants Program | R13: smallgrants@aphrc.org | S13: https://aphrc.org/grants | T13: Preference for women researchers and researchers from LMIC institutions.
A14: KE-IDRC-2025-011 | B14: IDRC | C14: IDRC – Collaborative Research on Climate Adaptation in Eastern Africa | D14: International Development Research Centre (IDRC) | E14: Bilateral (Canada) | F14: Climate Change & Adaptation | G14: Eastern Africa (Kenya, Uganda, Tanzania, Ethiopia) | H14: Universities, Think Tanks, NGOs | I14: Research Grant | J14: CAD | K14: 150000 | L14: 750000 | M14: 45778 | N14: 45991 | O14: =IF(N14="","",MAX(0,N14-TODAY())) -> 0 | P14: Upcoming | Q14: EACAN 2025 | R14: info@idrc.ca | S14: https://www.idrc.ca/en/funding | T14: Must include at least 2 Eastern African institutions.
A15: KE-KOTDA-2025-012 | B15: KoTDA | C15: Kenya Off-Grid Solar Market Campaign – SME Fund | D15: Kenya Off-Grid Solar Task Force (KoTDA / KOSAP) | E15: Government | F15: Energy & Climate | G15: Underserved Counties (KOSAP Counties) | H15: SMEs, Energy Startups | I15: Matching Grant | J15: KES | K15: 300000 | L15: 3000000 | M15: 45717 | N15: 45870 | O15: =IF(N15="","",MAX(0,N15-TODAY())) -> 0 | P15: Open | Q15: KOSAP Round 3 | R15: kosap@energy.go.ke | S15: https://www.energy.go.ke/kosap | T15: Requires 50% co-financing from applicant.
... A23: KE-COMESA-2025-020 | B23: COMESA | C23: COMESA – Regional Trade Facilitation Innovation Grant | D23: Common Market for Eastern & Southern Africa (COMESA) | E23: Regional Multilateral | F23: Trade & Economic Integration | G23: COMESA Member States (Kenya eligible) | H23: SMEs, Trade Associations | I23: Grant | J23: USD | K23: 30000 | L23: 200000 | M23: 45667 | N23: 45787 | O23: =IF(N23="","",MAX(0,N23-TODAY())) -> 0 | P23: Archived | Q23: 2024 TF Round | R23: grants@comesa.int | S23: https://www.comesa.int | T23: Archived. New round expected Q4 2025.

Sheet API Schema
A1: DACORIS GrantOpportunity — API Schema v1.4 | Endpoint: GET /api/grants/opportunities
A2: Field Name | B2: Data Type | C2: Required | D2: API Filter Param | E2: Allowed Values / Format | F2: Description (Kenyan Context) | G2: Example Value
A3: opportunity_id | B3: String (UUID) | C3: Yes | D3: id | E3: UUID v4 | F3: Unique identifier within DACORIS | G3: KE-NACOSTI-2025-001
A4: source_system | B4: Enum | C4: Yes | D4: source_system | E4: DACORIS, ResearchBeeline, Manual, NACOSTI, NRFU, USAID, EU, etc. | F4: Origin of the opportunity record | G4: NACOSTI
A5: source_opportunity_id | B5: String | C5: Yes | D5: source_id | E5: Alphanumeric | F5: ID from external source for de-duplication | G5: NACOSTI-GR-2025-004
A6: title | B6: String (500) | C6: Yes | D6: search | E6: Free text | F6: Full title of the funding opportunity | G6: Kenya National Research Fund – Health Innovation Grant
A7: sponsor_id | B7: UUID / String | C7: Yes | D7: sponsor_id | E7: UUID or sponsor short code | F7: Funder/sponsor unique ID in DACORIS CRM | G7: SP-NACOSTI-001
A8: sponsor_name | B8: String | C8: Yes | D8: sponsor | E8: Free text | F8: Full name of sponsoring organization | G8: NACOSTI
A9: sponsor_type | B9: Enum | C9: Yes | D9: sponsor_type | E9: Government, Bilateral, Multilateral, International Foundation, Local Foundation, Regional NGO, Private Sector/CSR | F9: Classification of sponsor | G9: Government
A10: category | B10: String / Enum | C10: Yes | D10: category | E10: Health, Agriculture, Education, Climate, ICT, Finance, Gender, Governance, Energy, Environment, Trade, Community Dev. | F10: Thematic area / sector | G10: Health & Biomedical
A11: geography | B11: String | C11: Yes | D11: geography | E11: County name(s), 'National', 'Pan-Africa', 'COMESA region', etc. | F11: Geographic scope (use county names for devolved programs) | G11: Rift Valley, Western, Nyanza
A12: applicant_type | B12: String | C12: Yes | D12: applicant_type | E12: Universities, NGOs, CBOs, SMEs, County Governments, Individuals, Research Institutions, Co-ops | F12: Who can apply | G12: Universities, Research Institutions
A13: funding_type | B13: Enum | C13: Yes | D13: funding_type | E13: Grant, Research Grant, Challenge Grant, Cooperative Agreement, Matching Grant, Sub-Grant, Subsidy Grant, CSR Grant | F13: Type of financial instrument | G13: Grant
... A28: updated_at | B28: DateTime | C28: Yes (auto) | D28: updated_after | E28: ISO 8601 | F28: Last modification timestamp (EAT timezone) | G28: 2025-04-01T14:22:00+03:00
A31: API ENDPOINTS — 5.2.1 Opportunity Management
A32: Method | B32: Endpoint | C32: Description
A33: GET | B33: /api/grants/opportunities | C33: List all opportunities (supports filters: status, category, sponsor, geography, deadline_before, amount_max, source_system)
A34: POST | B34: /api/grants/opportunities | C34: Create a new opportunity (JSON body: GrantOpportunity schema)
A35: GET | B35: /api/grants/opportunities/{id} | C35: Retrieve a single opportunity by ID
A36: PUT | B36: /api/grants/opportunities/{id} | C36: Update an existing opportunity
A37: DELETE | B37: /api/grants/opportunities/{id} | C37: Archive/delete an opportunity
A38: POST | B38: /api/grants/opportunities/import | C38: Bulk import from CSV or external source (ResearchBeeline, Excel upload)
A39: GET | B39: /api/grants/opportunities?source_system=ResearchBeeline | C39: Filter by external source (de-duplication by source + source_id)
A40: GET | B40: /api/grants/opportunities?status=Open&geography=Nairobi | C40: Filter open opportunities in Nairobi County
A41: GET | B41: /api/grants/opportunities?deadline_before=2025-12-31&currency=KES | C41: Filter KES-denominated opps closing before year-end

Sheet Dashboard
A1: 🇰🇪 DACORIS — Grant Opportunities Dashboard | Summary Analytics
A3: Total Opportunities | C3: Open | E3: Upcoming | G3: Closed | I3: Archived
A4: =COUNTA(Opportunities!A4:A23) -> 20 | C4: =COUNTIF(Opportunities!P4:P23,"Open") -> 10 | E4: =COUNTIF(Opportunities!P4:P23,"Upcoming") -> 7 | G4: =COUNTIF(Opportunities!P4:P23,"Closed") -> 2 | I4: =COUNTIF(Opportunities!P4:P23,"Archived") -> 1
A5: opportunities | C5: opportunities | E5: opportunities | G5: opportunities | I5: opportunities
A7: Opportunities by Sector / Category | F7: Opportunities by Sponsor Type
A8: Category | B8: Open | C8: Upcoming | D8: Total | F8: Sponsor Type | G8: Count | H8: Open | I8: Max Award (KES/USD equiv)
A9: Health & Biomedical | B9: =COUNTIFS(Opportunities!F$4:F$23,A9,Opportunities!P$4:P$23,"Open") -> 1 | C9: =COUNTIFS(Opportunities!F$4:F$23,A9,Opportunities!P$4:P$23,"Upcoming") -> 0 | D9: =B9+C9 -> 1 | F9: Government | G9: =COUNTIF(Opportunities!E$4:E$23,F9) -> 4 | H9: =COUNTIFS(Opportunities!E$4:E$23,F9,Opportunities!P$4:P$23,"Open") -> 4
A10: Agriculture & Food Security | B10: =COUNTIFS(Opportunities!F$4:F$23,A10,Opportunities!P$4:P$23,"Open") -> 1 | C10: =COUNTIFS(Opportunities!F$4:F$23,A10,Opportunities!P$4:P$23,"Upcoming") -> 0 | D10: =B10+C10 -> 1 | F10: Bilateral | G10: =COUNTIF(Opportunities!E$4:E$23,F10) -> 3 | H10: =COUNTIFS(Opportunities!E$4:E$23,F10,Opportunities!P$4:P$23,"Open") -> 2
A11: Agriculture & Climate | B11: =COUNTIFS(Opportunities!F$4:F$23,A11,Opportunities!P$4:P$23,"Open") -> 1 | C11: =COUNTIFS(Opportunities!F$4:F$23,A11,Opportunities!P$4:P$23,"Upcoming") -> 0 | D11: =B11+C11 -> 1 | F11: Multilateral | G11: =COUNTIF(Opportunities!E$4:E$23,F11) -> 2 | H11: =COUNTIFS(Opportunities!E$4:E$23,F11,Opportunities!P$4:P$23,"Open") -> 1
A12: Digital Health & ICT | B12: =COUNTIFS(Opportunities!F$4:F$23,A12,Opportunities!P$4:P$23,"Open") -> 0 | C12: =COUNTIFS(Opportunities!F$4:F$23,A12,Opportunities!P$4:P$23,"Upcoming") -> 1 | D12: =B12+C12 -> 1 | F12: International Foundation | G12: =COUNTIF(Opportunities!E$4:E$23,F12) -> 2 | H12: =COUNTIFS(Opportunities!E$4:E$23,F12,Opportunities!P$4:P$23,"Open") -> 0
A13: Environment & WASH | B13: =COUNTIFS(Opportunities!F$4:F$23,A13,Opportunities!P$4:P$23,"Open") -> 1 | C13: =COUNTIFS(Opportunities!F$4:F$23,A13,Opportunities!P$4:P$23,"Upcoming") -> 0 | D13: =B13+C13 -> 1 | F13: Local Foundation | G13: =COUNTIF(Opportunities!E$4:E$23,F13) -> 1 | H13: =COUNTIFS(Opportunities!E$4:E$23,F13,Opportunities!P$4:P$23,"Open") -> 1
A14: Energy & Climate | B14: =COUNTIFS(Opportunities!F$4:F$23,A14,Opportunities!P$4:P$23,"Open") -> 1 | C14: =COUNTIFS(Opportunities!F$4:F$23,A14,Opportunities!P$4:P$23,"Upcoming") -> 0 | D14: =B14+C14 -> 1 | F14: Regional NGO | G14: =COUNTIF(Opportunities!E$4:E$23,F14) -> 1 | H14: =COUNTIFS(Opportunities!E$4:E$23,F14,Opportunities!P$4:P$23,"Open") -> 0
A15: Climate Change & Adaptation | B15: =COUNTIFS(Opportunities!F$4:F$23,A15,Opportunities!P$4:P$23,"Open") -> 0 | C15: =COUNTIFS(Opportunities!F$4:F$23,A15,Opportunities!P$4:P$23,"Upcoming") -> 1 | D15: =B15+C15 -> 1 | F15: Regional Research Institute | G15: =COUNTIF(Opportunities!E$4:E$23,F15) -> 1 | H15: =COUNTIFS(Opportunities!E$4:E$23,F15,Opportunities!P$4:P$23,"Open") -> 0
A16: Gender & Social Development | B16: =COUNTIFS(Opportunities!F$4:F$23,A16,Opportunities!P$4:P$23,"Open") -> 0 | C16: =COUNTIFS(Opportunities!F$4:F$23,A16,Opportunities!P$4:P$23,"Upcoming") -> 0 | D16: =B16+C16 -> 0 | F16: Local NGO/Federation | G16: =COUNTIF(Opportunities!E$4:E$23,F16) -> 1 | H16: =COUNTIFS(Opportunities!E$4:E$23,F16,Opportunities!P$4:P$23,"Open") -> 0
A17: Education | B17: =COUNTIFS(Opportunities!F$4:F$23,A17,Opportunities!P$4:P$23,"Open") -> 1 | C17: =COUNTIFS(Opportunities!F$4:F$23,A17,Opportunities!P$4:P$23,"Upcoming") -> 0 | D17: =B17+C17 -> 1 | F17: Regional Multilateral | G17: =COUNTIF(Opportunities!E$4:E$23,F17) -> 1 | H17: =COUNTIFS(Opportunities!E$4:E$23,F17,Opportunities!P$4:P$23,"Open") -> 0
A18: Community Development & Livelihoods | B18: =COUNTIFS(Opportunities!F$4:F$23,A18,Opportunities!P$4:P$23,"Open") -> 1 | C18: =COUNTIFS(Opportunities!F$4:F$23,A18,Opportunities!P$4:P$23,"Upcoming") -> 0 | D18: =B18+C18 -> 1 | F18: Private Sector / CSR | G18: =COUNTIF(Opportunities!E$4:E$23,F18) -> 1 | H18: =COUNTIFS(Opportunities!E$4:E$23,F18,Opportunities!P$4:P$23,"Open") -> 0
A19: Finance & Capital Markets | B19: =COUNTIFS(Opportunities!F$4:F$23,A19,Opportunities!P$4:P$23,"Open") -> 1 | C19: =COUNTIFS(Opportunities!F$4:F$23,A19,Opportunities!P$4:P$23,"Upcoming") -> 0 | D19: =B19+C19 -> 1
A20: Governance & Devolution | B20: =COUNTIFS(Opportunities!F$4:F$23,A20,Opportunities!P$4:P$23,"Open") -> 0 | C20: =COUNTIFS(Opportunities!F$4:F$23,A20,Opportunities!P$4:P$23,"Upcoming") -> 0 | D20: =B20+C20 -> 0
A21: Youth Entrepreneurship & SME | B21: =COUNTIFS(Opportunities!F$4:F$23,A21,Opportunities!P$4:P$23,"Open") -> 1 | C21: =COUNTIFS(Opportunities!F$4:F$23,A21,Opportunities!P$4:P$23,"Upcoming") -> 0 | D21: =B21+C21 -> 1
A22: Trade & Economic Integration | B22: =COUNTIFS(Opportunities!F$4:F$23,A22,Opportunities!P$4:P$23,"Open") -> 0 | C22: =COUNTIFS(Opportunities!F$4:F$23,A22,Opportunities!P$4:P$23,"Upcoming") -> 0 | D22: =B22+C22 -> 0
A23: Health & Community Systems | B23: =COUNTIFS(Opportunities!F$4:F$23,A23,Opportunities!P$4:P$23,"Open") -> 0 | C23: =COUNTIFS(Opportunities!F$4:F$23,A23,Opportunities!P$4:P$23,"Upcoming") -> 1 | D23: =B23+C23 -> 1
A24: Health & Infectious Disease | B24: =COUNTIFS(Opportunities!F$4:F$23,A24,Opportunities!P$4:P$23,"Open") -> 0 | C24: =COUNTIFS(Opportunities!F$4:F$23,A24,Opportunities!P$4:P$23,"Upcoming") -> 1 | D24: =B24+C24 -> 1
A25: Agriculture & Livestock | B25: =COUNTIFS(Opportunities!F$4:F$23,A25,Opportunities!P$4:P$23,"Open") -> 0 | C25: =COUNTIFS(Opportunities!F$4:F$23,A25,Opportunities!P$4:P$23,"Upcoming") -> 1 | D25: =B25+C25 -> 1
A26: Environment & Land Management | B26: =COUNTIFS(Opportunities!F$4:F$23,A26,Opportunities!P$4:P$23,"Open") -> 1 | C26: =COUNTIFS(Opportunities!F$4:F$23,A26,Opportunities!P$4:P$23,"Upcoming") -> 0 | D26: =B26+C26 -> 1

Sheet Lookups
A1: Reference Data — Kenya Grant Opportunities (DACORIS Module 5.2.1)
A2: Kenya Counties (47) | B2: Status Values | C2: Funding Types | D2: Sponsor Types | E2: Currencies | F2: Categories
A3: Mombasa | B3: Open | C3: Grant | D3: Government | E3: KES | F3: Health & Biomedical
A4: Kwale | B4: Closed | C4: Research Grant | D4: Bilateral | E4: USD | F4: Agriculture & Food Security
A5: Kilifi | B5: Upcoming | C5: Challenge Grant | D5: Multilateral | E5: EUR | F5: Agriculture & Climate
A6: Tana River | B6: Archived | C6: Cooperative Agreement | D6: International Foundation | E6: GBP | F6: Digital Health & ICT
A7: Lamu | C7: Matching Grant | D7: Local Foundation | E7: CAD | F7: Environment & WASH
A8: Taita-Taveta | C8: Sub-Grant | D8: Regional NGO | E8: SEK | F8: Energy & Climate
A9: Garissa | C9: Technical Cooperation Grant | D9: Regional Research Institute | E9: NOK | F9: Climate Change & Adaptation
A10: Wajir | C10: CSR Grant | D10: Local NGO/Federation | E10: JPY | F10: Gender & Social Development
A11: Mandera | C11: Subsidy Grant | D11: Regional Multilateral | E11: CHF | F11: Education
A12: Marsabit | C12: Project Grant | D12: Private Sector / CSR | F12: Community Development & Livelihoods
A13: Isiolo | C13: Seed Funding | F13: Finance & Capital Markets
A14: Meru | F14: Governance & Devolution
A15: Tharaka-Nithi | F15: Youth Entrepreneurship & SME
A16: Embu | F16: Trade & Economic Integration
A17: Kitui | F17: Health & Community Systems
A18: Machakos | F18: Agriculture & Livestock
A19: Makueni | F19: Environment & Land Management
A20: Nyandarua | F20: Research & Innovation
A21: Nyeri
A22: Kirinyaga
A23: Murang'a
A24: Kiambu
A25: Turkana
A26: West Pokot
A27: Samburu
A28: Trans Nzoia
A29: Uasin Gishu
A30: Elgeyo Marakwet
A31: Nandi
A32: Baringo
... A49: Nairobi
